{"Batch/Loss": 0.06066889315843582, "_timestamp": 1691694062.8258476, "_runtime": 10446.237866640091, "_step": 34744, "Train/Accuracy": 0.98244, "Train/Loss": 0.06944045424461365, "Test/Accuracy": 0.7648, "Test/Loss": 0.9887325763702393}