{"Batch/Loss": 7.2129902839660645, "_timestamp": 1692100883.97103, "_runtime": 10.061400890350342, "_step": 0, "_wandb": {"runtime": 36}}