{"Batch/Loss": 1.548460602760315, "_timestamp": 1691674303.648565, "_runtime": 1204.06991314888, "_step": 825, "_wandb": {"runtime": 158}}