{"Batch/Loss": 0.05194299295544624, "_timestamp": 1692116815.621008, "Train/Loss": 0.02189658023416996, "Train/Accuracy": 0.9927399754524231, "Test/Loss": 0.6163097023963928, "Test/Accuracy": 0.8737000226974487, "_runtime": 15901.749626874924, "_step": 64350, "_wandb": {"runtime": 15900}}