{"Batch/Loss": 0.5317506790161133, "_timestamp": 1692105566.7793713, "Train/Loss": 0.5029442310333252, "Train/Accuracy": 0.825160026550293, "Test/Loss": 0.6214765906333923, "Test/Accuracy": 0.7949000000953674, "_runtime": 4652.907990217209, "_step": 11002}