{"Batch/Loss": 1.113830327987671, "_timestamp": 1692102887.0114622, "Train/Loss": 1.3068052530288696, "Train/Accuracy": 0.5333799719810486, "Test/Loss": 1.28058922290802, "Test/Accuracy": 0.5442000031471252, "_runtime": 1973.140081167221, "_step": 1278}