{"Batch/Loss": 6.8941192626953125, "_timestamp": 1692022912.9652119, "Train/Loss": 6.894479274749756, "Train/Accuracy": 0.001180000021122396, "Test/Loss": 6.894921779632568, "Test/Accuracy": 0.000699999975040555, "_runtime": 114.01155495643616, "_step": 1, "_wandb": {"runtime": 243}}