{"Batch/Loss": 2.9833834171295166, "_timestamp": 1692030764.9800198, "Train/Loss": 2.3644258975982666, "Train/Accuracy": 0.18320000171661377, "Test/Loss": 2.3636956214904785, "Test/Accuracy": 0.18299999833106995, "_runtime": 535.3803718090057, "_step": 30}