{"Activations/layer3.0.conv2.weight.206": -0.0019450963009148836, "Activations/layer3.0.conv1.weight.149": -0.002727140672504902, "Activations/layer3.0.conv1.weight.118": -0.014257846400141716, "Activations/layer3.0.conv2.weight.63": -0.0003854705428238958, "Activations/layer2.0.conv1.weight.102": 0.021267298609018326, "Activations/layer2.0.conv2.weight.110": -4.48487080806359e-12, "Activations/layer2.0.conv1.weight.15": -3.459034815993103e-18, "Activations/layer3.1.conv1.weight.20": -2.324990296671787e-17, "Activations/layer2.0.conv2.weight.19": -3.557703530532308e-05, "Activations/layer3.0.conv1.weight.205": -6.014082373440033e-06, "Activations/layer1.0.conv2.weight.54": -2.015329599380493, "Activations/layer2.0.conv2.weight.12": 0.8512667417526245, "Activations/layer2.0.downsample.0.weight.99": 0.20611093938350677, "Activations/layer1.0.conv2.weight.0": 101.10021209716797, "Activations/layer1.0.conv1.weight.47": 0.004911486059427261, "Activations/layer1.0.conv2.weight.41": -100.28170776367188, "Activations/layer1.0.conv2.weight.51": -199.57705688476562, "Activations/layer3.0.downsample.0.weight.125": 507.6625671386719, "Activations/layer2.0.conv1.weight.108": 1416.8465576171875, "Activations/layer1.1.conv2.weight.32": 43.15632247924805, "_timestamp": 1691876468.9714339, "_runtime": 9295.126748800278, "_step": 8984, "Visualizations/layer3.0.conv2.weight.206": {"_type": "image-file", "sha256": "82c2561fc68f574ce58a52a1d9578b2a52ddc1b32aaf87443722d5ba50d66e24", "size": 2473, "path": "media/images/Visualizations/layer3.0.conv2.weight.206_8984_82c2561fc68f574ce58a.png", "format": "png", "width": 32, "height": 32, "caption": "Optimized layer3.0.conv2.weight.206 at batch 8984"}, "Visualizations/layer3.0.conv1.weight.149": {"_type": "image-file", "sha256": "bf012efce6047cadd950e2d9da532aeeb79bf8d995d573e45e6fcf4e50f138e1", "size": 2463, "path": "media/images/Visualizations/layer3.0.conv1.weight.149_8984_bf012efce6047cadd950.png", "format": "png", "width": 32, "height": 32, "caption": "Optimized layer3.0.conv1.weight.149 at batch 8984"}, "Visualizations/layer3.0.conv1.weight.118": {"_type": "image-file", "sha256": "2baf6c1338c9ec303f125da452622c6a4f3a3c5dbf3894b98e305b8e4f560935", "size": 2530, "path": "media/images/Visualizations/layer3.0.conv1.weight.118_8984_2baf6c1338c9ec303f12.png", "format": "png", "width": 32, "height": 32, "caption": "Optimized layer3.0.conv1.weight.118 at batch 8984"}, "Visualizations/layer3.0.conv2.weight.63": {"_type": "image-file", "sha256": "15060d86818dda1b45164281057286d0f1c09810c5feb0fa212c688b2783d1fe", "size": 2205, "path": "media/images/Visualizations/layer3.0.conv2.weight.63_8984_15060d86818dda1b4516.png", "format": "png", "width": 32, "height": 32, "caption": "Optimized layer3.0.conv2.weight.63 at batch 8984"}, "Visualizations/layer2.0.conv1.weight.102": {"_type": "image-file", "sha256": "d35e9b735adb58e7685ecd3a18e7d1ca045cb64537f74485c2bdac85d6d62ffc", "size": 2440, "path": "media/images/Visualizations/layer2.0.conv1.weight.102_8984_d35e9b735adb58e7685e.png", "format": "png", "width": 32, "height": 32, "caption": "Optimized layer2.0.conv1.weight.102 at batch 8984"}, "Visualizations/layer2.0.conv2.weight.110": {"_type": "image-file", "sha256": "9f4b1158aa099b31e7e00e98ba859a933e359641edcdd86713e604a714f05cd5", "size": 2112, "path": "media/images/Visualizations/layer2.0.conv2.weight.110_8984_9f4b1158aa099b31e7e0.png", "format": "png", "width": 32, "height": 32, "caption": "Optimized layer2.0.conv2.weight.110 at batch 8984"}, "Visualizations/layer2.0.conv1.weight.15": {"_type": "image-file", "sha256": "0da09b9207264e6bc6f1224701e6c692a4495dec974e5ba4845d4e8b76cb503a", "size": 2030, "path": "media/images/Visualizations/layer2.0.conv1.weight.15_8984_0da09b9207264e6bc6f1.png", "format": "png", "width": 32, "height": 32, "caption": "Optimized layer2.0.conv1.weight.15 at batch 8984"}, "Visualizations/layer3.1.conv1.weight.20": {"_type": "image-file", "sha256": "62bb88b5a8d8593374e7e5dca10be79d2d421a582755bff1334806ce471c057f", "size": 2039, "path": "media/images/Visualizations/layer3.1.conv1.weight.20_8984_62bb88b5a8d8593374e7.png", "format": "png", "width": 32, "height": 32, "caption": "Optimized layer3.1.conv1.weight.20 at batch 8984"}, "Visualizations/layer2.0.conv2.weight.19": {"_type": "image-file", "sha256": "8471be0c8b56da967fa7f8efc5ef2c1159d8e5ac98d06474e44296495db2703c", "size": 1824, "path": "media/images/Visualizations/layer2.0.conv2.weight.19_8984_8471be0c8b56da967fa7.png", "format": "png", "width": 32, "height": 32, "caption": "Optimized layer2.0.conv2.weight.19 at batch 8984"}, "Visualizations/layer3.0.conv1.weight.205": {"_type": "image-file", "sha256": "c777300b1af08c8779d810857f11a1c9d2c09f599447244c895cbed295cc7853", "size": 1990, "path": "media/images/Visualizations/layer3.0.conv1.weight.205_8984_c777300b1af08c8779d8.png", "format": "png", "width": 32, "height": 32, "caption": "Optimized layer3.0.conv1.weight.205 at batch 8984"}, "Visualizations/layer1.0.conv2.weight.54": {"_type": "image-file", "sha256": "989169e3c69109cf2b9e48fff41d62db284a7599021ca74a9d2d8b2b80f92d6e", "size": 2014, "path": "media/images/Visualizations/layer1.0.conv2.weight.54_8984_989169e3c69109cf2b9e.png", "format": "png", "width": 32, "height": 32, "caption": "Optimized layer1.0.conv2.weight.54 at batch 8984"}, "Visualizations/layer2.0.conv2.weight.12": {"_type": "image-file", "sha256": "ead6ada3adc0c8c4cc4d5bd3ca19de72ef2562b274b0713e9f6fe8af9d137109", "size": 2134, "path": "media/images/Visualizations/layer2.0.conv2.weight.12_8984_ead6ada3adc0c8c4cc4d.png", "format": "png", "width": 32, "height": 32, "caption": "Optimized layer2.0.conv2.weight.12 at batch 8984"}, "Visualizations/layer2.0.downsample.0.weight.99": {"_type": "image-file", "sha256": "cd1dd87230b0f375f1791646c399144493593872d6a94811a05d10293b525f06", "size": 2520, "path": "media/images/Visualizations/layer2.0.downsample.0.weight.99_8984_cd1dd87230b0f375f179.png", "format": "png", "width": 32, "height": 32, "caption": "Optimized layer2.0.downsample.0.weight.99 at batch 8984"}, "Visualizations/layer1.0.conv2.weight.0": {"_type": "image-file", "sha256": "92cdf19d029d536c7db57be74a8c5024a265efb54f4d8fba97e425071973433d", "size": 2279, "path": "media/images/Visualizations/layer1.0.conv2.weight.0_8984_92cdf19d029d536c7db5.png", "format": "png", "width": 32, "height": 32, "caption": "Optimized layer1.0.conv2.weight.0 at batch 8984"}, "Visualizations/layer1.0.conv1.weight.47": {"_type": "image-file", "sha256": "900d077b4ce8e0aa9c794724748231aa2d414d70872c31721f6db54935bf3900", "size": 807, "path": "media/images/Visualizations/layer1.0.conv1.weight.47_8984_900d077b4ce8e0aa9c79.png", "format": "png", "width": 32, "height": 32, "caption": "Optimized layer1.0.conv1.weight.47 at batch 8984"}, "Visualizations/layer1.0.conv2.weight.41": {"_type": "image-file", "sha256": "7b56fcd1787eeccd7d636a54862a38523403724b9da7d04f74f9c66895e21f1b", "size": 2230, "path": "media/images/Visualizations/layer1.0.conv2.weight.41_8984_7b56fcd1787eeccd7d63.png", "format": "png", "width": 32, "height": 32, "caption": "Optimized layer1.0.conv2.weight.41 at batch 8984"}, "Visualizations/layer1.0.conv2.weight.51": {"_type": "image-file", "sha256": "0863d23dab4caa558d919279d7166581ad230a13f9527935b5960c0d7bd32055", "size": 2116, "path": "media/images/Visualizations/layer1.0.conv2.weight.51_8984_0863d23dab4caa558d91.png", "format": "png", "width": 32, "height": 32, "caption": "Optimized layer1.0.conv2.weight.51 at batch 8984"}, "Visualizations/layer3.0.downsample.0.weight.125": {"_type": "image-file", "sha256": "e9872413249da4cbd1be950e1fb21a322fbc364fe9fe1f8082f8ca908a158977", "size": 3158, "path": "media/images/Visualizations/layer3.0.downsample.0.weight.125_8984_e9872413249da4cbd1be.png", "format": "png", "width": 32, "height": 32, "caption": "Optimized layer3.0.downsample.0.weight.125 at batch 8984"}, "Visualizations/layer2.0.conv1.weight.108": {"_type": "image-file",