{"Batch/Loss": 1.4558143615722656, "_timestamp": 1691682379.901504, "_runtime": 6491.975984096527, "_step": 4494, "_wandb": {"runtime": 6413}}