{"Activations/layer3.0.conv2.weight.206": 0.11922433227300644, "Activations/layer3.0.conv1.weight.149": -0.6185261607170105, "Activations/layer3.0.conv1.weight.118": -0.22629892826080322, "Activations/layer3.0.conv2.weight.63": -0.4345727562904358, "Activations/layer2.0.conv1.weight.102": -0.20096030831336975, "Activations/layer2.0.conv2.weight.110": -0.3793928623199463, "Activations/layer2.0.conv1.weight.15": -0.09065576642751694, "Activations/layer3.1.conv1.weight.20": 0.08654171973466873, "Activations/layer2.0.conv2.weight.19": -0.323554128408432, "Activations/layer3.0.conv1.weight.205": 0.05417867377400398, "Activations/layer1.0.conv2.weight.54": -1.1259543895721436, "Activations/layer2.0.conv2.weight.12": -0.2677347660064697, "Activations/layer2.0.downsample.0.weight.99": 0.05208256095647812, "Activations/layer1.0.conv2.weight.0": -2.3295645713806152, "Activations/layer1.0.conv1.weight.47": 0.11249884963035583, "Activations/layer1.0.conv2.weight.41": -2.375873327255249, "Activations/layer1.0.conv2.weight.51": -6.441610336303711, "Activations/layer3.0.downsample.0.weight.125": -2.0373127460479736, "Activations/layer2.0.conv1.weight.108": 2.470686197280884, "Activations/layer1.1.conv2.weight.32": 2.162156343460083, "_timestamp": 1691863929.6203132, "_runtime": 126.19451522827148, "_step": 2, "_wandb": {"runtime": 221}}