{"Batch/Loss": 0.7979559898376465, "_timestamp": 1691675453.1616, "_runtime": 1098.3110542297363, "_step": 1943, "_wandb": {"runtime": 1526}}