{"Batch/Loss": 0.00042332790326327085, "_timestamp": 1691767949.6960647, "_runtime": 15830.700670719147, "_step": 53905, "Train/Accuracy": 1.0, "Train/Loss": 0.00018639423069544137, "Test/Accuracy": 0.7583, "Test/Loss": 1.796882152557373}