{"Batch/Loss": 1.5300084352493286, "_timestamp": 1691791816.071148, "_runtime": 410.8945460319519, "_step": 176}