{"Batch/Loss": 6.757744312286377, "_timestamp": 1692027781.5341172, "Train/Loss": 6.680188179016113, "Train/Accuracy": 0.13006000220775604, "Test/Loss": 6.682115077972412, "Test/Accuracy": 0.12139999866485596, "_runtime": 443.66707611083984, "_step": 3}