{"Batch/Loss": 0.7675493955612183, "_timestamp": 1692036707.2009711, "Train/Loss": 0.755487322807312, "Train/Accuracy": 0.7355800271034241, "Test/Loss": 0.7706683874130249, "Test/Accuracy": 0.732699990272522, "_runtime": 2823.4219150543213, "_step": 3433}