{"Batch/Loss": 1.2363859415054321, "_timestamp": 1691683387.995245, "_runtime": 210.87061095237732, "_step": 837, "_wandb": {"runtime": 117}}