{"Batch/Loss": 0.9811598658561707, "_timestamp": 1691803862.8613608, "Train/Loss": 0.8857448697090149, "Train/Accuracy": 0.6892799735069275, "Test/Loss": 0.998568058013916, "Test/Accuracy": 0.6499999761581421, "_runtime": 11789.74889588356, "_step": 9443}